Qid,Questions,A,B,C,D,Options,Levels
1,What is Mechatronics?,Study of mechanical engineering,Study of electronic engineering,"Integration of mechanical, electrical, and computer engineering",Study of control systems only,C,Easy
2,Which component converts electrical energy into mechanical motion in a simple DC motor?,Resistor,Capacitor,Inductor,Armature,D,Easy
3,What is the purpose of a sensor in a mechatronic system?,To provide power,To process data,To detect changes in the environment,To store information,C,Easy
4,Which of the following is NOT a typical actuator used in mechatronic systems?,Servo motor,Pneumatic cylinder,Solenoid valve,Potentiometer,D,Easy
5,What is the function of a controller in a mechatronic system?,To sense the environment,To convert signals,To process information and generate commands,To amplify electrical signals,C,Easy
6,Which of the following is NOT a component of a feedback control system?,Sensor,Actuator,Controller,Power supply,D,Easy
7,What does PLC stand for in the context of control systems?,Personal Logic Circuit,Programmable Logic Controller,Programmable Language Converter,Power Line Conditioner,B,Easy
8,Which type of control system maintains a constant output despite disturbances?,Open-loop control,Closed-loop control,Adaptive control,Feedback control,B,Easy
9,What is the purpose of a relay in a control system?,To amplify signals,To provide isolation between circuits,To convert digital signals to analog signals,To store data,B,Easy
10,What is the primary advantage of using a microcontroller in mechatronic systems?,High power consumption,Large physical size,High processing speed,Low cost,C,Easy
11,Which of the following is an example of a mechatronic system?,Washing machine,Toaster,Desk lamp,Pencil sharpener,A,Easy
12,"In a mechatronic system, what does the term ""feedback"" refer to?",Input signals from sensors,Output signals from actuators,Control signals from the controller,Signals indicating system response,D,Easy
13,Which type of sensor is commonly used to measure temperature in mechatronic systems?,Thermocouple,Photodiode,Accelerometer,Strain gauge,A,Easy
14,What is the primary purpose of a PID controller?,To amplify signals,To convert signals,To regulate system performance,To store data,C,Easy
15,What is the function of a transducer in a mechatronic system?,To convert energy from one form to another,To process data,To amplify signals,To store information,A,Easy
16,Which of the following is an example of an analog sensor?,Digital camera,Temperature sensor,Microphone,Barcode scanner,B,Easy
17,Which type of control system adjusts its parameters based on changing conditions?,Open-loop control,Closed-loop control,Adaptive control,On-off control,C,Easy
18,What is the purpose of an amplifier in a control system?,To convert digital signals to analog signals,To provide isolation between circuits,To store data,To increase the magnitude of electrical signals,D,Easy
19,Which of the following components is commonly used for digital signal processing in mechatronic systems?,Capacitor,Inductor,Microcontroller,Potentiometer,C,Easy
20,What is the primary function of a pneumatic actuator?,To convert electrical energy into mechanical motion,To convert fluid pressure into mechanical motion,To detect changes in the environment,To process information,B,Easy
21,Which type of control system does not utilize feedback?,Open-loop control,Closed-loop control,Adaptive control,On-off control,A,Easy
22,What is the purpose of a diode in a control system?,To amplify signals,To provide isolation between circuits,To convert digital signals to analog signals,To allow current flow in one direction,D,Easy
23,Which of the following is NOT a characteristic of a closed-loop control system?,Feedback,Regulation,Stability,One-way communication,D,Easy
24,What is the primary advantage of using digital control systems over analog control systems?,Higher cost,Lower accuracy,Greater flexibility,Slower response time,C,Easy
25,Which of the following components is commonly used for signal conditioning in mechatronic systems?,Resistor,Capacitor,Op-amp,Diode,C,Easy
26,What is the primary function of a stepper motor in mechatronic systems?,To provide high-speed rotation,To provide precise angular positioning,To convert fluid pressure into mechanical motion,To detect changes in the environment,B,Easy
27,Which of the following is an example of an actuator commonly used in robotics?,Temperature sensor,Hydraulic cylinder,Photodiode,Strain gauge,B,Easy
28,What is the primary function of a solenoid valve in mechatronic systems?,To sense the environment,To convert electrical energy into mechanical motion,To regulate fluid flow,To store information,C,Easy
29,Which of the following is NOT a typical application of mechatronic systems?,Robotics,Automotive systems,Microwave ovens,Aircraft flight control,C,Easy
30,What is the primary function of a relay in mechatronic systems?,To amplify signals,To provide isolation between circuits,To convert digital signals to analog signals,To allow current flow in one direction,B,Easy
31,Which type of sensor is commonly used to detect light intensity in mechatronic systems?,Thermocouple,Accelerometer,Photodiode,Strain gauge,C,Easy
32,What is the primary purpose of a microcontroller in mechatronic systems?,To provide high-speed rotation,To provide precise angular positioning,To process data and control system behavior,To convert fluid pressure into mechanical motion,C,Easy
33,Which of the following is an example of an open-loop control system?,Thermostat,Cruise control in a car,Automatic door opener with motion sensor,Temperature-controlled oven,D,Easy
34,What is the function of a pressure sensor in mechatronic systems?,To detect changes in temperature,To convert electrical signals,To measure fluid pressure,To provide mechanical motion,C,Easy
35,Which of the following is NOT a characteristic of a closed-loop control system?,Feedback,Regulation,Stability,One-way communication,D,Easy
36,What is the primary advantage of using digital control systems over analog control systems?,Higher cost,Lower accuracy,Greater flexibility,Slower response time,C,Easy
37,Which of the following components is commonly used for signal conditioning in mechatronic systems?,Resistor,Capacitor,Op-amp,Diode,C,Easy
38,What is the primary function of a stepper motor in mechatronic systems?,To provide high-speed rotation,To provide precise angular positioning,To convert fluid pressure into mechanical motion,To detect changes in the environment,B,Easy
39,Which of the following is an example of an actuator commonly used in robotics?,Temperature sensor,Hydraulic cylinder,Photodiode,Strain gauge,B,Easy
40,What is the primary function of a solenoid valve in mechatronic systems?,To sense the environment,To convert electrical energy into mechanical motion,To regulate fluid flow,To store information,C,Easy
41,Which of the following is NOT a typical application of mechatronic systems?,Robotics,Automotive systems,Microwave ovens,Aircraft flight control,C,Easy
42,What is the primary function of a relay in mechatronic systems?,To amplify signals,To provide isolation between circuits,To convert digital signals to analog signals,To allow current flow in one direction,B,Easy
43,Which type of sensor is commonly used to detect light intensity in mechatronic systems?,Thermocouple,Accelerometer,Photodiode,Strain gauge,C,Easy
44,What is the primary purpose of a microcontroller in mechatronic systems?,To provide high-speed rotation,To provide precise angular positioning,To process data and control system behavior,To convert fluid pressure into mechanical motion,C,Easy
45,Which of the following is an example of an open-loop control system?,Thermostat,Cruise control in a car,Automatic door opener with motion sensor,Temperature-controlled oven,D,Easy
46,What is the function of a pressure sensor in mechatronic systems?,To detect changes in temperature,To convert electrical signals,To measure fluid pressure,To provide mechanical motion,C,Easy
47,Which of the following is NOT a characteristic of a closed-loop control system?,Feedback,Regulation,Stability,One-way communication,D,Easy
48,What is the primary advantage of using digital control systems over analog control systems?,Higher cost,Lower accuracy,Greater flexibility,Slower response time,C,Easy
49,Which of the following components is commonly used for signal conditioning in mechatronic systems?,Resistor,Capacitor,Op-amp,Diode,C,Easy
50,What is the primary function of a stepper motor in mechatronic systems?,To provide high-speed rotation,To provide precise angular positioning,To convert fluid pressure into mechanical motion,To detect changes in the environment,B,Easy
51,Which of the following is NOT a component of a mechatronic system?,Sensor,Actuator,Controller,Power supply,D,Medium
52,What is the purpose of a feedback loop in a control system?,To provide power to the system,To sense the environment,To monitor the system output and adjust the control action,To process data,C,Medium
53,Which type of control system uses a predetermined input to produce a desired output without feedback?,Open-loop control,Closed-loop control,Adaptive control,On-off control,A,Medium
54,What is the role of an actuator in a mechatronic system?,To sense the environment,To process signals,To convert electrical energy into mechanical motion,To store data,C,Medium
55,"In a closed-loop control system, what is the function of the error signal?",It indicates the difference between the desired and actual outputs,It provides power to the system,It amplifies the input signals,It controls the actuator,A,Medium
56,Which of the following sensors is commonly used to measure distance in mechatronic systems?,Thermocouple,Ultrasonic sensor,Photodiode,Accelerometer,B,Medium
57,What is the primary function of a PID controller?,To amplify signals,To convert signals,To regulate system performance,To store data,C,Medium
58,Which of the following components is commonly used for signal conditioning in mechatronic systems?,Resistor,Capacitor,Op-amp,Diode,C,Medium
59,What is the purpose of a relay in a control system?,To amplify signals,To provide isolation between circuits,To convert digital signals to analog signals,To store data,B,Medium
60,Which of the following control systems adjusts its parameters based on changing conditions?,Open-loop control,Closed-loop control,Adaptive control,On-off control,C,Medium
61,What is the primary purpose of a microcontroller in a mechatronic system?,To provide power to the system,To convert signals,To process data and control system behavior,To amplify signals,C,Medium
62,Which of the following is an example of an actuator in a mechatronic system?,Temperature sensor,Electric motor,Pressure sensor,Light sensor,B,Medium
63,What is the function of a transducer in a mechatronic system?,To convert energy from one form to another,To process data,To amplify signals,To store information,A,Medium
64,Which of the following components is commonly used for digital signal processing in mechatronic systems?,Capacitor,Inductor,Microcontroller,Potentiometer,C,Medium
65,What is the primary purpose of a solenoid in a mechatronic system?,To sense the environment,To convert electrical energy into mechanical motion,To regulate fluid flow,To store information,C,Medium
66,"In a control system, what does the term ""plant"" refer to?",The physical system being controlled,The controller unit,The power supply,The actuator,A,Medium
67,What is the primary advantage of using a PLC (Programmable Logic Controller) in control systems?,Higher cost,Lower processing speed,Flexibility in programming,Limited functionality,C,Medium
68,Which type of sensor is commonly used to measure angular position in mechatronic systems?,Potentiometer,Thermistor,Load cell,Hall effect sensor,A,Medium
69,What is the function of an encoder in a mechatronic system?,To convert analog signals to digital signals,To provide isolation between circuits,To measure rotational or linear motion,To regulate fluid flow,C,Medium
70,Which of the following is a characteristic of a closed-loop control system?,No feedback mechanism,Feedback mechanism,Limited control over system behavior,High sensitivity to disturbances,B,Medium
71,What is the primary purpose of a stepper motor in mechatronic systems?,To provide continuous rotation,To provide precise angular positioning,To convert fluid pressure into mechanical motion,To detect changes in the environment,B,Medium
72,Which of the following sensors is commonly used to detect motion in mechatronic systems?,Thermocouple,Accelerometer,Pressure sensor,Light sensor,B,Medium
73,What is the primary function of a pneumatic actuator in mechatronic systems?,To convert electrical energy into mechanical motion,To convert fluid pressure into mechanical motion,To sense the environment,To store information,B,Medium
74,"In a closed-loop control system, what is the role of the controller?",To sense the environment,To provide power to the system,To compare the desired output with the actual output and generate control signals,To convert signals,C,Medium
75,Which of the following control systems adjusts its parameters based on feedback?,Open-loop control,Closed-loop control,Adaptive control,On-off control,B,Medium
76,What is the primary purpose of a sensor in a mechatronic system?,To provide power,To process data,To detect changes in the environment,To store information,C,Medium
77,Which of the following is an example of a mechatronic system?,Microwave oven,Television,Automatic door,Radio,C,Medium
78,What is the primary function of a PLC (Programmable Logic Controller) in control systems?,To amplify signals,To provide isolation between circuits,To process data and execute control algorithms,To store data,C,Medium
79,Which type of control system is characterized by continuously adjusting its parameters based on system behavior?,Open-loop control,Closed-loop control,Adaptive control,On-off control,C,Medium
80,What is the function of a diode in a control system?,To amplify signals,To provide isolation between circuits,To convert digital signals to analog signals,To allow current flow in one direction,D,Medium
81,Which of the following components is commonly used for signal conditioning in mechatronic systems?,Resistor,Capacitor,Op-amp,Diode,C,Medium
82,What is the primary function of a stepper motor in mechatronic systems?,To provide high-speed rotation,To provide precise angular positioning,To convert fluid pressure into mechanical motion,To detect changes in the environment,B,Medium
83,Which of the following sensors is commonly used to measure temperature in mechatronic systems?,Thermocouple,Accelerometer,Photodiode,Strain gauge,A,Medium
84,What is the primary purpose of a PID controller in control systems?,To amplify signals,To convert signals,To regulate system performance,To store data,C,Medium
85,Which of the following components is commonly used for digital signal processing in mechatronic systems?,Capacitor,Inductor,Microcontroller,Potentiometer,C,Medium
86,What is the primary purpose of a solenoid valve in mechatronic systems?,To sense the environment,To convert electrical energy into mechanical motion,To regulate fluid flow,To store information,C,Medium
87,"In a control system, what does the term ""plant"" refer to?",The physical system being controlled,The controller unit,The power supply,The actuator,A,Medium
88,What is the primary advantage of using a PLC (Programmable Logic Controller) in control systems?,Higher cost,Lower processing speed,Flexibility in programming,Limited functionality,C,Medium
89,Which type of sensor is commonly used to measure angular position in mechatronic systems?,Potentiometer,Thermistor,Load cell,Hall effect sensor,A,Medium
90,What is the function of an encoder in a mechatronic system?,To convert analog signals to digital signals,To provide isolation between circuits,To measure rotational or linear motion,To regulate fluid flow,C,Medium
91,Which of the following is a characteristic of a closed-loop control system?,No feedback mechanism,Feedback mechanism,Limited control over system behavior,High sensitivity to disturbances,B,Medium
92,What is the primary purpose of a stepper motor in mechatronic systems?,To provide continuous rotation,To provide precise angular positioning,To convert fluid pressure into mechanical motion,To detect changes in the environment,B,Medium
93,Which of the following sensors is commonly used to detect motion in mechatronic systems?,Thermocouple,Accelerometer,Pressure sensor,Light sensor,B,Medium
94,What is the primary function of a pneumatic actuator in mechatronic systems?,To convert electrical energy into mechanical motion,To convert fluid pressure into mechanical motion,To sense the environment,To store information,B,Medium
95,"In a closed-loop control system, what is the role of the controller?",To sense the environment,To provide power to the system,To compare the desired output with the actual output and generate control signals,To convert signals,C,Medium
96,Which of the following control systems adjusts its parameters based on feedback?,Open-loop control,Closed-loop control,Adaptive control,On-off control,B,Medium
97,What is the primary purpose of a sensor in a mechatronic system?,To provide power,To process data,To detect changes in the environment,To store information,C,Medium
98,Which of the following is an example of a mechatronic system?,Microwave oven,Television,Automatic door,Radio,C,Medium
99,What is the primary function of a PLC (Programmable Logic Controller) in control systems?,To amplify signals,To provide isolation between circuits,To process data and execute control algorithms,To store data,C,Medium
100,Which type of control system is characterized by continuously adjusting its parameters based on system behavior?,Open-loop control,Closed-loop control,Adaptive control,On-off control,C,Medium
101,Which of the following is a characteristic of a non-linear control system?,Linear relationship between input and output,Predictable response to disturbances,Easily solvable by classical control techniques,Complexity in mathematical modeling,D,Hard
102,What is the primary challenge in designing a robust control system?,Achieving high performance,Minimizing cost,Ensuring stability under varying conditions,Simplifying the control algorithm,C,Hard
103,Which of the following is a disadvantage of using fuzzy logic control systems?,Limited application in complex systems,Difficulty in implementing in real-time systems,Inability to handle uncertainty,High computational complexity,D,Hard
104,"In advanced robotics, what does the term ""haptic feedback"" refer to?",Visual feedback provided to the operator,Auditory feedback provided to the operator,Tactile feedback provided to the operator,Kinesthetic feedback provided to the operator,C,Hard
105,Which of the following control techniques is primarily used for systems with multiple inputs and outputs?,Proportional-Integral-Derivative (PID) control,State-space control,Adaptive control,Sliding mode control,B,Hard
106,What is the primary challenge in designing control systems for highly nonlinear dynamic systems?,Identifying the system parameters,Ensuring stability,Modeling system dynamics accurately,Implementing feedback mechanisms,C,Hard
107,What is the primary purpose of model predictive control (MPC)?,To optimize a control variable based on a predictive model of the system,To minimize the number of sensors required in a control system,To maximize the speed of the control loop,To eliminate the need for feedback control,A,Hard
108,Which of the following is a limitation of classical control theory when applied to modern mechatronic systems?,Difficulty in handling time-varying parameters,Inability to model nonlinear systems,High computational complexity,Limited application in real-time systems,A,Hard
109,What is the primary advantage of using adaptive control techniques?,Improved performance in linear systems,Ability to handle uncertainty and time-varying dynamics,Reduced complexity in control algorithms,Enhanced robustness against disturbances,B,Hard
110,"In advanced robotics, what does the term ""teleoperation"" refer to?",Autonomous operation of robots without human intervention,Remote control of robots by human operators,Programming robots using high-level languages,Sensor-based feedback control of robots,B,Hard
111,Which of the following is a challenge in implementing artificial neural networks (ANNs) for control applications?,Lack of universal approximation properties,Difficulty in training large networks,Limited computational resources,Insufficient memory storage,B,Hard
112,What is the primary advantage of using sliding mode control in mechatronic systems?,Robustness to uncertainties and disturbances,Low computational complexity,Ability to handle time-varying parameters,Smooth control action without chattering,A,Hard
113,"In the context of mechatronic systems, what does ""hysteresis"" refer to?",The difference between desired and actual system response,The non-linear behavior exhibited by certain materials or components,The time delay introduced by feedback control loops,The accuracy of sensors in measuring physical quantities,B,Hard
114,Which of the following is a primary consideration in designing fault-tolerant control systems?,Minimizing system complexity,Achieving high-speed operation,Ensuring system reliability and safety,Optimizing energy efficiency,C,Hard
115,What is the primary limitation of classical control techniques in dealing with nonlinear systems?,Lack of stability criteria,Difficulty in modeling system dynamics accurately,Inability to handle time delays,Limited applicability in real-world systems,B,Hard
116,Which of the following is a characteristic of Model Reference Adaptive Control (MRAC)?,Dependence on accurate system models,Inability to adapt to changing environments,High sensitivity to disturbances,Robustness against model uncertainties,D,Hard
117,What is the primary advantage of using predictive control techniques in mechatronic systems?,Reduced computational complexity,Improved performance in linear systems,Ability to handle constraints and nonlinearities,Elimination of feedback loops,C,Hard
118,Which of the following is a challenge in implementing Kalman filtering for state estimation in control systems?,Lack of robustness to parameter variations,Complexity in deriving system models,Limited accuracy in noisy environments,High computational requirements,C,Hard
119,What is the primary purpose of using virtual reality (VR) in mechatronic system design?,To visualize complex system architectures,To simulate system behavior in real-time,To optimize control algorithms,To minimize system cost,B,Hard
120,Which of the following is a disadvantage of using fractional-order control techniques?,Limited applicability in linear systems,Complexity in implementation and analysis,Inability to handle time delays,Lack of stability guarantees,B,Hard
121,What is the primary challenge in implementing distributed control systems (DCS) for large-scale mechatronic systems?,Ensuring synchronization among distributed controllers,Minimizing communication latency between controllers,Integrating heterogeneous hardware and software platforms,Optimizing energy efficiency,C,Hard
122,Which of the following is a limitation of using reinforcement learning for control applications?,Lack of scalability to high-dimensional state spaces,Inability to handle stochastic environments,High computational complexity during training,Limited exploration of the state-action space,A,Hard
123,What is the primary advantage of using model-based predictive control (MPC) in mechatronic systems?,Improved stability in nonlinear systems,Robustness to disturbances and uncertainties,Ability to handle constraints on system inputs and outputs,Minimal computational requirements,C,Hard
124,Which of the following is a challenge in implementing event-triggered control systems?,Ensuring real-time response to events,Minimizing communication overhead,Integrating feedback mechanisms,Achieving synchronization among distributed controllers,B,Hard
125,What is the primary advantage of using sliding mode control (SMC) over traditional control techniques?,Simplicity in implementation,Minimal sensitivity to parameter variations,Ability to handle uncertainties in system dynamics,Higher computational efficiency,C,Hard
126,"In the context of control systems, what does ""chattering"" refer to?",Rapid switching between control modes,Oscillatory behavior in the system response,Stochastic disturbances affecting system performance,Nonlinear dynamics leading to instability,B,Hard
127,Which of the following is a key challenge in designing control systems for cyber-physical systems (CPS)?,Ensuring real-time communication between physical and computational components,Minimizing power consumption in distributed systems,Handling variability in environmental conditions,Optimizing resource allocation for parallel processing,A,Hard
128,What is the primary advantage of using decentralized control architectures in large-scale systems?,Improved fault tolerance,Simplified system integration,Enhanced scalability,Reduced computational overhead,B,Hard
129,Which of the following is a limitation of using classical optimization techniques for control applications?,Sensitivity to noise in the system,Difficulty in handling constraints,Inability to adapt to changing environments,Lack of convergence guarantees,B,Hard
130,What is the primary purpose of fault detection and isolation (FDI) in control systems?,Enhancing system performance,Minimizing energy consumption,Identifying and mitigating system failures,Optimizing control algorithms,C,Hard
131,Which of the following is a challenge in implementing predictive maintenance strategies for mechatronic systems?,Ensuring compatibility with existing control architectures,Minimizing false alarms and missed detections,Handling varying environmental conditions,Integrating heterogeneous sensor networks,B,Hard
132,What is the primary advantage of using hybrid control systems over purely discrete or continuous control approaches?,Improved computational efficiency,Enhanced robustness to disturbances,Flexibility in handling mixed-mode dynamics,Minimal sensitivity to parameter variations,C,Hard
133,Which of the following is a limitation of using event-based control strategies in real-time systems?,Increased communication overhead,Difficulty in handling asynchronous events,Inability to guarantee timely response to events,Lack of support for distributed architectures,C,Hard
134,What is the primary challenge in implementing fault-tolerant control systems for safety-critical applications?,Achieving real-time fault detection,Minimizing false alarms,Ensuring seamless transition between normal and fault modes,Optimizing system performance under normal conditions,C,Hard
135,Which of the following is a limitation of using model-free reinforcement learning techniques for control applications?,Lack of interpretability in learned policies,Inability to handle stochastic environments,High computational complexity during training,Limited exploration of the state-action space,A,Hard
136,What is the primary advantage of using adaptive control algorithms in uncertain environments?,Improved robustness to disturbances,Minimal sensitivity to parameter variations,Enhanced convergence properties,Simplified tuning of controller parameters,A,Hard
137,Which of the following is a challenge in implementing distributed optimization algorithms for decentralized control systems?,Achieving consensus among distributed controllers,Ensuring real-time communication between nodes,Handling communication delays and packet losses,Minimizing computational overhead,A,Hard
138,What is the primary purpose of using multi-agent systems (MAS) in control applications?,Centralized decision-making,Decentralized coordination,Fault detection and isolation,Real-time data processing,B,Hard
139,Which of the following is a limitation of using traditional PID controllers for nonlinear systems?,Lack of stability guarantees,Inability to handle time delays,Sensitivity to parameter variations,Complexity in implementation,C,Hard
140,What is the primary advantage of using advanced motion planning techniques in robotics?,Minimized computational complexity,Improved trajectory tracking accuracy,Enhanced robustness to disturbances,Simplified integration with control algorithms,B,Hard
141,Which of the following is a challenge in designing control systems for highly redundant robotic systems?,Ensuring real-time communication between redundant components,Optimizing resource allocation for parallel processing,Handling conflicting control commands from redundant actuators,Minimizing energy consumption in redundant subsystems,C,Hard
142,What is the primary purpose of using fault-tolerant control (FTC) techniques in aerospace systems?,Minimizing energy consumption,Maximizing system performance,Enhancing safety and reliability,Optimizing trajectory planning,C,Hard
143,Which of the following is a limitation of using classical control techniques for modern automotive systems?,Lack of compatibility with hybrid powertrains,Inability to handle uncertainties in road conditions,Sensitivity to variations in vehicle dynamics,Complexity in implementing driver assistance features,D,Hard
144,What is the primary advantage of using reinforcement learning for control applications in complex environments?,Minimal need for human intervention,Robustness to uncertainties and disturbances,Ability to handle nonlinear dynamics,Simplified model development process,A,Hard
145,Which of the following is a challenge in implementing active vibration control systems for mechanical structures?,Achieving real-time feedback,Minimizing power consumption,Handling nonlinearities in the vibration response,Optimizing sensor placement for effective control,C,Hard
146,What is the primary purpose of using fault-tolerant control (FTC) techniques in industrial automation?,Maximizing production throughput,Minimizing energy consumption,Enhancing equipment reliability and uptime,Optimizing resource allocation for process control,C,Hard
147,Which of the following is a limitation of using linear quadratic regulators (LQR) for control applications?,Sensitivity to variations in system parameters,Complexity in deriving cost function matrices,Inability to handle constraints on control inputs,Lack of stability guarantees for nonlinear systems,D,Hard
148,What is the primary advantage of using adaptive control techniques in uncertain environments?,Improved robustness to disturbances,Minimal sensitivity to parameter variations,Enhanced convergence properties,Simplified tuning of controller parameters,A,Hard
149,Which of the following is a challenge in implementing fault-tolerant control systems for safety-critical applications?,Achieving real-time fault detection,Minimizing false alarms,Ensuring seamless transition between normal and fault modes,Optimizing system performance under normal conditions,C,Hard
150,What is the primary advantage of using model-based predictive control (MPC) in mechatronic systems?,Improved stability in nonlinear systems,Robustness to disturbances and uncertainties,Ability to handle constraints on system inputs and outputs,Minimal computational requirements,C,Hard
